plotID,daylength,precip,range,tavg,solar,tmax,tmin,vpd,elevation,nlcdClass,lat,long,plotType,ndvi,siteID,plot_kgCm2
ABBY_070,43200.148794520544,2103.738571428571,9.401385518590997,20.791851272015656,258.31449706457926,15.096618395303327,5.695232876712329,924.3643561643836,363.1,evergreenForest,45.761334,-122.330793,tower,0.834225,ABBY,NA
DEJU_046,43200.34580821918,431.19999999999993,11.245953033268101,-3.0276360078277875,167.69981996086105,4.109158512720156,-7.136794520547945,424.6081800391389,511.7,evergreenForest,63.877756,-145.753497,tower,0.6415500000000001,DEJU,NA
ORNL_046,43200.10304109589,1696.0657142857142,11.744872798434441,30.83205088062622,325.06786692759295,21.28846183953033,9.54358904109589,1365.343264187867,338.5,deciduousForest,35.964418,-84.285882,tower,0.913625,ORNL,NA
HEAL_047,43200.34580821918,574.8742857142857,9.892305283757338,-4.2365870841487325,166.99040313111547,2.827859099804305,-7.064446183953033,443.74387475538157,688.3,shrubScrub,63.872772,-149.220657,tower,0.777775,HEAL,NA
HARV_048,43200.132547945206,1355.6742857142858,11.404688845401173,16.73948336594912,314.39100195694715,14.072086105675147,2.6673972602739733,905.2861996086106,360.7,mixedForest,42.541304,-72.178017,tower,0.9039250000000001,HARV,NA
HARV_043,43200.132547945206,1355.6742857142858,11.404688845401173,16.73948336594912,314.39100195694715,14.072086105675147,2.6673972602739733,905.2861996086106,354.4,evergreenForest,42.541027,-72.176583,tower,0.9039250000000001,HARV,NA
SOAP_022,43200.1078630137,937.6585714285713,13.74533072407045,29.21124070450098,365.6922074363992,21.478285714285715,7.732954990215265,781.4132367906067,1084.3,evergreenForest,37.038279,-119.252655,distributed,0.687075,SOAP,NA
RMNP_045,43200.121671232875,740.4528571428572,11.44481409001957,10.049385518590999,362.28880626223093,10.747099804305284,-0.6977142857142863,635.2636360078278,2745.2,evergreenForest,40.277348,-105.545588,tower,0.5632,RMNP,NA
RMNP_018,43200.120904109586,814.5385714285712,10.963855185909981,8.879878669275929,361.22580430528376,9.921866927592955,-1.0419882583170255,615.8491115459883,2855.5,evergreenForest,40.163833,-105.538996,distributed,0.68815,RMNP,NA
GRSM_062,43200.10243835616,1671.5085714285713,11.976367906066537,27.7239843444227,319.29672798434444,19.85017612524462,7.873808219178082,1211.2052485322897,579.4,deciduousForest,35.69334,-83.502845,tower,0.902625,GRSM,NA
SERC_013,43200.115561643834,1288.5199999999998,9.527620352250489,29.58434050880626,299.75657925636006,19.555980430528376,10.028360078277887,1437.0992876712328,2.2,deciduousForest,38.871792,-76.544434,distributed,0.892325,SERC,NA
WREF_085,43200.149369863015,2203.9485714285715,9.934978473581214,20.28017612524462,264.5308101761252,15.107577299412917,5.172598825831702,863.7322426614481,387.6,evergreenForest,45.830691,-121.961221,tower,0.856425,WREF,NA
RMNP_009,43200.121232876714,607.64,11.616849315068492,11.662414872798434,362.66167906066534,11.639632093933463,0.02278277886497039,640.8552328767123,2685.9,evergreenForest,40.20327,-105.481127,distributed,0.5004500000000001,RMNP,NA
LENO_007,43200.08810958904,1778.3814285714288,12.624301369863014,38.661045009784736,338.18697455968686,25.642673189823874,13.01837181996086,1678.8184187866927,14.8,deciduousForest,31.812516,-88.202238,distributed,0.8730500000000001,LENO,NA
LENO_018,43200.08810958904,1773.5142857142857,12.620544031311155,38.64412133072407,338.4851389432485,25.632332681017612,13.011788649706459,1678.0295694716242,12.8,woodyWetlands,31.810782,-88.184743,distributed,0.87965,LENO,NA
DELA_042,43200.09084931507,1614.7142857142858,12.354868884540117,37.087487279843444,338.4263796477495,24.72117808219178,12.366309197651663,1615.4068727984345,24.2,deciduousForest,32.541786,-87.805209,tower,0.9004000000000001,DELA,NA
DELA_038,43200.09084931507,1614.7142857142858,12.354868884540117,37.087487279843444,338.4263796477495,24.72117808219178,12.366309197651663,1615.4068727984345,25.5,woodyWetlands,32.54229,-87.806804,tower,0.9004000000000001,DELA,NA
DELA_050,43200.09052054794,1611.9442857142856,12.359964774951075,37.089788649706456,338.6905557729941,24.724876712328765,12.364911937377691,1615.3118512720157,25.2,deciduousForest,32.539898,-87.805178,tower,0.740275,DELA,NA
DELA_053,43200.09052054794,1611.9442857142856,12.359964774951075,37.089788649706456,338.6905557729941,24.724876712328765,12.364911937377691,1615.3118512720157,26.4,deciduousForest,32.537467,-87.804178,tower,0.88595,DELA,NA
DELA_008,43200.09052054794,1611.3571428571431,12.357835616438356,37.11990215264188,338.5553894324853,24.738868884540118,12.381033268101762,1616.7632954990215,21.8,woodyWetlands,32.540078,-87.814098,distributed,0.7949,DELA,NA
BART_046,43200.13978082192,1325.7199999999998,12.173765166340509,13.806978473581212,306.04624266144816,12.990371819960862,0.8166066536203528,799.9922465753425,303,deciduousForest,44.059946,-71.285408,tower,0.897375,BART,NA
UNDE_056,43200.151561643834,1000.047142857143,11.801933463796477,8.857463796477496,298.17479452054795,10.329698630136987,-1.4722348336594908,708.7267632093933,528.5,deciduousForest,46.232064,-89.543158,tower,0.9048750000000001,UNDE,NA
UNDE_057,43200.151561643834,1000.047142857143,11.801933463796477,8.857463796477496,298.17479452054795,10.329698630136987,-1.4722348336594908,708.7267632093933,516,woodyWetlands,46.234299,-89.540913,tower,0.901275,UNDE,NA
OSBS_027,43200.080794520545,1492.8571428571427,11.833091976516634,43.43945596868885,340.6871819960861,27.63627397260274,15.803181996086106,1908.2391467710372,41.4,evergreenForest,29.691969,-81.992063,tower,0.56215,OSBS,NA
OSBS_031,43200.080794520545,1492.8571428571427,11.833091976516634,43.43945596868885,340.6871819960861,27.63627397260274,15.803181996086106,1908.2391467710372,43.8,evergreenForest,29.688969,-81.991102,tower,0.6025750000000001,OSBS,NA
LENO_070,43200.08819178082,1755.8485714285716,12.609906066536203,38.582133072407046,338.06986301369864,25.596019569471625,12.98611350293542,1675.5844148727983,12,woodyWetlands,31.852662,-88.161999,tower,0.847975,LENO,NA
ORNL_003,43200.10304109589,1625.5728571428572,11.848857142857144,31.09854794520548,325.5493542074364,21.473702544031312,9.624845401174168,1372.710794520548,260.1,deciduousForest,35.965875,-84.230646,distributed,0.9014500000000001,ORNL,NA
MLBS_015,43200.10915068493,1377.5542857142857,11.42841878669276,22.552317025440313,313.6463326810176,16.990367906066535,5.561949119373777,1056.4187162426615,786.3,deciduousForest,37.414692,-80.568195,distributed,0.918675,MLBS,NA
TREE_051,43200.14761643836,934.2557142857144,11.191279843444226,10.638254403131114,295.15227005870844,10.914767123287671,-0.2765127201565546,779.6955029354207,462.6,deciduousForest,45.493514,-89.593697,tower,0.8963500000000001,TREE,NA
TREE_039,43200.14761643836,942.5471428571428,11.20812133072407,10.561467710371822,295.871866927593,10.884794520547945,-0.323326810176125,777.1138708414874,463.2,mixedForest,45.493221,-89.582576,tower,0.908575,TREE,NA
UKFS_048,43200.11597260274,1081.3,11.927573385518592,25.971268101761254,319.5299256360078,18.94942074363992,7.021847358121333,1218.3503953033269,276.9,deciduousForest,39.034469,-95.191972,tower,0.8715,UKFS,NA
ORNL_033,43200.10304109589,1592.8042857142857,11.914931506849316,31.29645792563601,324.8156555772994,21.60569471624266,9.690763209393348,1378.8879021526418,244.7,evergreenForest,35.96172,-84.2268,distributed,0.8382750000000001,ORNL,NA
ORNL_045,43200.10304109589,1696.0657142857142,11.744872798434441,30.83205088062622,325.06786692759295,21.28846183953033,9.54358904109589,1365.343264187867,332.6,deciduousForest,35.966285,-84.283823,tower,0.9094000000000001,ORNL,NA
ORNL_061,43200.10304109589,1696.0657142857142,11.744872798434441,30.83205088062622,325.06786692759295,21.28846183953033,9.54358904109589,1365.343264187867,346.8,deciduousForest,35.964411,-84.284569,tower,0.9173,ORNL,NA
MLBS_002,43200.10942465753,1685.5228571428572,10.042759295499021,18.974211350293544,324.88124070450095,14.508485322896282,4.4657260273972605,993.7086418786693,1178.5,deciduousForest,37.372058,-80.524252,distributed,0.8694500000000001,MLBS,NA
JERC_049,43200.08583561644,1411.2242857142855,12.422931506849315,39.98134246575342,342.4148375733855,26.20213698630137,13.779205479452054,1739.4114011741683,45.5,evergreenForest,31.196488,-84.464108,tower,0.81405,JERC,NA
WREF_011,43200.149369863015,2517.492857142857,8.809663405088063,17.762266144814088,269.24506457925634,13.285964774951077,4.476301369863013,840.7291585127201,636.7,evergreenForest,45.834707,-121.983393,distributed,0.8406250000000001,WREF,NA
GRSM_057,43200.102410958905,1682.0771428571431,11.955933463796477,27.597107632093934,320.453084148728,19.776520547945207,7.820587084148728,1206.4995812133072,590.7,deciduousForest,35.686587,-83.50228,tower,0.912325,GRSM,NA
HARV_017,43200.13191780822,1256.7614285714285,11.712606653620352,18.39810176125245,308.66436790606656,15.0553542074364,3.342747553816047,940.7321213307241,226.4,deciduousForest,42.481741,-72.267080000000007,distributed,0.884125,HARV,NA
PUUM_041,43200.04994520548,4237.992857142855,10.210407045009784,30.332724070450098,373.7560156555773,20.27156555772994,10.061158512720157,1239.620829745597,1684.9,evergreenForest,19.553178,-155.316025,tower,0.67105,PUUM,NA
GUAN_003,43200.04561643836,948.5228571428571,10.511882583170255,50.67412915851272,396.61608219178083,30.593005870841488,20.081123287671232,2077.2521409001956,181,evergreenForest,17.973138,-66.861701,distributed,0.600475,GUAN,NA
GRSM_003,43200.102410958905,1911.715714285715,10.959170254403132,23.330528375733856,306.43408610567514,17.144849315068495,6.185679060665363,1076.355072407045,892.9,deciduousForest,35.67661,-83.474563,distributed,0.8938,GRSM,NA
GUAN_058,43200.04561643836,948.5228571428571,10.511882583170255,50.67412915851272,396.61608219178083,30.593005870841488,20.081123287671232,2077.2521409001956,119.4,evergreenForest,17.970232,-66.866811,tower,0.5694250000000001,GUAN,NA
CLBJ_052,43200.09367123288,996.9357142857143,12.993694716242661,35.96189041095891,344.05078277886497,24.477792563600783,11.484097847358122,1531.6120352250489,313.5,deciduousForest,33.399631,-97.619581,distributed,0.7427,CLBJ,NA
OSBS_030,43200.080794520545,1493.8771428571426,11.854594911937378,43.43000782778865,340.8560665362035,27.642301369863013,15.787706457925637,1906.9601487279842,46.1,evergreenForest,29.689424,-81.997605,tower,0.58035,OSBS,NA
OSBS_036,43200.080794520545,1492.8571428571427,11.833091976516634,43.43945596868885,340.6871819960861,27.63627397260274,15.803181996086106,1908.2391467710372,43.6,evergreenForest,29.691429,-81.990505,tower,0.61485,OSBS,NA
SCBI_019,43200.115561643834,1308.3200000000002,12.23841878669276,25.780469667318982,308.2299921722113,19.009444227005872,6.771025440313111,1155.008904109589,304.6,deciduousForest,38.900642,-78.175704,distributed,0.9201250000000001,SCBI,NA
BART_025,43200.13978082192,1435.3157142857142,11.271189823874755,10.641866927592954,323.46899021526417,10.956528375733855,-0.3146614481408998,740.6834207436399,542.8,evergreenForest,44.059386,-71.313142,distributed,0.891375,BART,NA
BART_004,43200.13978082192,1411.9457142857143,11.484195694716243,11.49783953033268,310.03792563600786,11.491017612524463,0.006821917808218783,757.136156555773,526.4,mixedForest,44.041571,-71.28692,distributed,0.91635,BART,NA
OSBS_025,43200.080794520545,1492.8571428571427,11.833091976516634,43.43945596868885,340.6871819960861,27.63627397260274,15.803181996086106,1908.2391467710372,45,evergreenForest,29.691867,-81.996384,tower,0.5461,OSBS,NA
GUAN_004,43200.04561643836,931.5242857142856,10.505135029354207,50.9771976516634,396.59527592954987,30.741166340508805,20.236031311154598,2076.000399217221,131.1,evergreenForest,17.969254,-66.85267,distributed,0.6067500000000001,GUAN,NA
DEJU_009,43200.34580821918,453.3742857142857,11.23359686888454,-3.2445949119373774,169.02006653620353,3.994500978473581,-7.23909589041096,424.8019960861057,567.4,evergreenForest,63.853315,-145.760668,distributed,0.7128000000000001,DEJU,NA
DSNY_010,43200.075698630135,1544.0285714285712,11.38681409001957,47.549091976516635,342.8059452054794,29.467953033268103,18.081138943248533,2115.3975459882586,20,woodyWetlands,28.11859,-81.435161,distributed,0.654475,DSNY,NA
TEAK_003,43200.10767123287,987.5585714285712,13.26016046966732,18.109154598825832,423.0015968688846,15.684657534246574,2.4244970645792554,543.2153268101762,2201.1,evergreenForest,37.012962,-119.010619,distributed,0.5714,TEAK,NA
SCBI_008,43200.115561643834,1399.1228571428571,11.694062622309197,25.085295499021527,313.424771037182,18.38967906066536,6.695616438356164,1150.3025244618395,336.7,deciduousForest,38.887763,-78.147164,distributed,0.91,SCBI,NA
STEI_017,43200.149369863015,999.3657142857143,11.206555772994129,9.301256360078279,293.84852837573385,10.253906066536203,-0.9526497064579258,751.0112759295499,512.1,deciduousForest,45.82223,-90.073206,distributed,0.933875,STEI,NA
CLBJ_033,43200.09367123288,1003.1685714285713,12.980864970645793,36.00014481409002,343.4882230919765,24.490504892367905,11.509639921722114,1534.2528101761252,308.6,deciduousForest,33.380971,-97.620209,distributed,0.6356,CLBJ,NA
